"","pairs","Df","SumsOfSqs","F.Model","R2","p.value","p.adjusted","sig"
"1","L vs M",1,0.138198982044414,0.543969513471767,0.0328802294412361,0.932,1,""
"2","L vs O",1,0.388187386702982,1.53018449447233,0.0872885562017234,0.043,0.258,""
"3","L vs U",1,0.334923153489718,1.38937265212846,0.0798978019462018,0.069,0.414,""
"4","M vs O",1,0.418935629668478,1.71553550634952,0.0968379141423441,0.019,0.114,""
"5","M vs U",1,0.127470228000469,0.550448682895771,0.0332588374757863,0.929,1,""
"6","O vs U",1,0.506632613570392,2.19126724052304,0.120457096888872,0.007,0.042,"."
