"","Df","Variance","F","Pr(>F)"
"pH",1,0.0296202060382423,1.29272916988203,0.012
"dry_mass",1,0.0287448518509137,1.25235092153552,0.012
"Chl_avg",1,0.0258198615447796,1.11843686020657,0.106
