"","Df","Variance","F","Pr(>F)"
"dry_mass",1,0.0220822657969991,0.967407895727863,0.718
"Chl_avg",1,0.023610605910341,1.03436335702865,0.718
"pH",1,0.0244804216267799,1.07246934667874,0.57
"Residual",20,0.456524407016231,NA,NA
